{
    "training": [
        {
            "stage": 1,
            "num_epochs": 30,
            "stage_time": 2135.856,
            "best_test_log_times": [
                1,
                2,
                3,
                4,
                5,
                6,
                7,
                8,
                10,
                12,
                13,
                14,
                15,
                16,
                17,
                19,
                21,
                22,
                23,
                24,
                25,
                26,
                27,
                29,
                30
            ],
            "best_test_log": {
                "losses": {
                    "kl_div": 5.409907374837925,
                    "nll": -501.10438707343656
                },
                "metrics": {
                    "kl_div_true": 5.239020113047533
                }
            }
        }
    ],
    "dataset": {
        "name": "fruit_fly",
        "label_functions": {}
    },
    "model": {
        "name": "ctvae",
        "z_dim": 4,
        "h_dim": 128,
        "rnn_dim": 128,
        "num_layers": 1,
        "state_dim": 2,
        "action_dim": 2,
        "label_dim": 2,
        "num_parameters": 239628
    },
    "total_time": 2135.867
}